{"cameraMode":{"drawMode":0,"name":"Shaded","section":"Shading Mode"},"sceneLighting":true,"audioPlay":false,"sceneViewState":{"m_AlwaysRefresh":false,"showFog":true,"showSkybox":true,"showFlares":true,"showImageEffects":true,"showParticleSystems":true,"showVisualEffectGraphs":true,"m_FxEnabled":true},"in2DMode":false,"pivot":{"x":-10.282903671264649,"y":0.2016139030456543,"z":2.8957557678222658},"rotation":{"x":-0.052720025181770328,"y":0.6820432543754578,"z":-0.049409400671720508,"w":-0.7277504205703735},"size":7.655214309692383,"orthographic":false}